"","Year.x","Month.x","DOY.x","HOUR","Timestamp_Begin","VegType","Flux_CO2","Flux_CH4","MonthYear.x","DATE","DOY.y","ECO_CO2_FLUX","CH4_FLUX","Month.y","Year.y","Month2","MonthYear.y","YM"
"1",2022,"August",230,"7",2022-08-18 07:13:00,"O",2.705939,0.000941,"2022-August",2022-08-18,"229.292",0.44694951,0.1996125,NA,2022,"August","2022-August","22-Aug"
"2",2022,"August",230,"7",2022-08-18 07:17:00,"O",2.353624,-0.000908,"2022-August",2022-08-18,"229.292",0.44694951,0.1996125,NA,2022,"August","2022-August","22-Aug"
"3",2022,"August",230,"7",2022-08-18 07:41:00,"O",1.670095,0.002305,"2022-August",2022-08-18,"229.292",0.44694951,0.1996125,NA,2022,"August","2022-August","22-Aug"
"4",2022,"August",230,"8",2022-08-18 08:16:00,"O",1.512518,-4.3e-05,"2022-August",2022-08-18,"229.333",0.32781059,0.1998536,NA,2022,"August","2022-August","22-Aug"
"5",2022,"August",230,"8",2022-08-18 08:20:00,"O",2.02432,0.001835,"2022-August",2022-08-18,"229.333",0.32781059,0.1998536,NA,2022,"August","2022-August","22-Aug"
"6",2022,"August",230,"8",2022-08-18 08:37:00,"O",2.777781,0.005502,"2022-August",2022-08-18,"229.333",0.32781059,0.1998536,NA,2022,"August","2022-August","22-Aug"
"7",2022,"August",230,"9",2022-08-18 09:18:00,"O",2.718082,0.001242,"2022-August",2022-08-18,"229.375",0.27626169,0.20007899,NA,2022,"August","2022-August","22-Aug"
"8",2022,"August",230,"9",2022-08-18 09:22:00,"O",2.694208,0.000978,"2022-August",2022-08-18,"229.375",0.27626169,0.20007899,NA,2022,"August","2022-August","22-Aug"
"9",2022,"August",230,"9",2022-08-18 09:37:00,"O",0.955769,0.002051,"2022-August",2022-08-18,"229.375",0.27626169,0.20007899,NA,2022,"August","2022-August","22-Aug"
"10",2022,"August",230,"10",2022-08-18 10:18:00,"O",1.060289,-0.002065,"2022-August",2022-08-18,"229.417",0.25353509,0.2002258,NA,2022,"August","2022-August","22-Aug"
"11",2022,"August",230,"10",2022-08-18 10:23:00,"O",2.572038,0.000457,"2022-August",2022-08-18,"229.417",0.25353509,0.2002258,NA,2022,"August","2022-August","22-Aug"
"12",2022,"August",230,"10",2022-08-18 10:40:00,"O",0.284706,0.012935,"2022-August",2022-08-18,"229.417",0.25353509,0.2002258,NA,2022,"August","2022-August","22-Aug"
"13",2022,"August",230,"11",2022-08-18 11:17:00,"O",1.619891,-3e-05,"2022-August",2022-08-18,"229.458",0.24280331,0.2002442,NA,2022,"August","2022-August","22-Aug"
"14",2022,"August",230,"11",2022-08-18 11:23:00,"O",2.098982,0.000285,"2022-August",2022-08-18,"229.458",0.24280331,0.2002442,NA,2022,"August","2022-August","22-Aug"
"15",2022,"August",230,"11",2022-08-18 11:39:00,"O",0.683266,0.006231,"2022-August",2022-08-18,"229.458",0.24280331,0.2002442,NA,2022,"August","2022-August","22-Aug"
"16",2022,"August",230,"12",2022-08-18 12:25:00,"O",0.659056,-0.001496,"2022-August",2022-08-18,"229.500",0.2375488,0.200169,NA,2022,"August","2022-August","22-Aug"
"17",2022,"August",230,"12",2022-08-18 12:29:00,"O",2.407404,0.000596,"2022-August",2022-08-18,"229.500",0.2375488,0.200169,NA,2022,"August","2022-August","22-Aug"
"18",2022,"August",230,"12",2022-08-18 12:47:00,"O",3.669025,0.002323,"2022-August",2022-08-18,"229.500",0.2375488,0.200169,NA,2022,"August","2022-August","22-Aug"
"19",2022,"August",230,"13",2022-08-18 13:21:00,"O",1.127703,0.001227,"2022-August",2022-08-18,"229.542",0.23511671,0.2000442,NA,2022,"August","2022-August","22-Aug"
"20",2022,"August",230,"13",2022-08-18 13:25:00,"O",3.173058,0.001094,"2022-August",2022-08-18,"229.542",0.23511671,0.2000442,NA,2022,"August","2022-August","22-Aug"
"21",2022,"August",230,"13",2022-08-18 13:42:00,"O",3.469633,0.013284,"2022-August",2022-08-18,"229.542",0.23511671,0.2000442,NA,2022,"August","2022-August","22-Aug"
"22",2022,"August",230,"14",2022-08-18 14:20:00,"O",0.982517,0.001399,"2022-August",2022-08-18,"229.583",0.2342193,0.1999218,NA,2022,"August","2022-August","22-Aug"
"23",2022,"August",230,"14",2022-08-18 14:24:00,"O",2.014582,0.003654,"2022-August",2022-08-18,"229.583",0.2342193,0.1999218,NA,2022,"August","2022-August","22-Aug"
"24",2022,"August",230,"14",2022-08-18 14:40:00,"O",2.797575,0.005325,"2022-August",2022-08-18,"229.583",0.2342193,0.1999218,NA,2022,"August","2022-August","22-Aug"
"25",2022,"August",230,"15",2022-08-18 15:16:00,"O",2.533084,0.004171,"2022-August",2022-08-18,"229.625",0.23409639,0.1997743,NA,2022,"August","2022-August","22-Aug"
"26",2022,"August",230,"15",2022-08-18 15:22:00,"O",2.127041,0.000786,"2022-August",2022-08-18,"229.625",0.23409639,0.1997743,NA,2022,"August","2022-August","22-Aug"
"27",2022,"August",230,"15",2022-08-18 15:42:00,"O",2.701311,0.002892,"2022-August",2022-08-18,"229.625",0.23409639,0.1997743,NA,2022,"August","2022-August","22-Aug"
"28",2022,"August",230,"16",2022-08-18 16:26:00,"O",3.679103,0.006618,"2022-August",2022-08-18,"229.667",0.2344607,0.19969741,NA,2022,"August","2022-August","22-Aug"
"29",2022,"August",230,"16",2022-08-18 16:30:00,"O",2.044049,0.001009,"2022-August",2022-08-18,"229.667",0.2344607,0.19969741,NA,2022,"August","2022-August","22-Aug"
"30",2022,"August",230,"16",2022-08-18 16:48:00,"O",2.766685,0.001634,"2022-August",2022-08-18,"229.667",0.2344607,0.19969741,NA,2022,"August","2022-August","22-Aug"
"31",2022,"August",230,"17",2022-08-18 17:18:00,"O",2.722058,0.007234,"2022-August",2022-08-18,"229.708",0.2350212,0.1996004,NA,2022,"August","2022-August","22-Aug"
"32",2022,"August",230,"17",2022-08-18 17:22:00,"O",3.226767,0.001767,"2022-August",2022-08-18,"229.708",0.2350212,0.1996004,NA,2022,"August","2022-August","22-Aug"
"33",2022,"August",230,"17",2022-08-18 17:38:00,"O",3.918301,0.001929,"2022-August",2022-08-18,"229.708",0.2350212,0.1996004,NA,2022,"August","2022-August","22-Aug"
"34",2022,"August",230,"18",2022-08-18 18:19:00,"O",3.440608,0.011997,"2022-August",2022-08-18,"229.750",0.23569199,0.19949999,NA,2022,"August","2022-August","22-Aug"
"35",2022,"August",230,"18",2022-08-18 18:22:00,"O",4.161976,0.002291,"2022-August",2022-08-18,"229.750",0.23569199,0.19949999,NA,2022,"August","2022-August","22-Aug"
"36",2022,"August",230,"18",2022-08-18 18:39:00,"O",3.67375,0.005443,"2022-August",2022-08-18,"229.750",0.23569199,0.19949999,NA,2022,"August","2022-August","22-Aug"
"37",2022,"August",230,"19",2022-08-18 19:22:00,"O",3.765001,0.006861,"2022-August",2022-08-18,"229.792",0.2364314,0.199403,NA,2022,"August","2022-August","22-Aug"
"38",2022,"August",230,"19",2022-08-18 19:17:00,"O",3.303543,0.006142,"2022-August",2022-08-18,"229.792",0.2364314,0.199403,NA,2022,"August","2022-August","22-Aug"
"39",2022,"August",230,"19",2022-08-18 19:01:00,"O",4.91077,0.004864,"2022-August",2022-08-18,"229.792",0.2364314,0.199403,NA,2022,"August","2022-August","22-Aug"
"40",2022,"September",257,"7",2022-09-14 07:32:00,"O",0.135869,0.095707,"2022-September",2022-09-14,"256.292",0.45532191,0.23267899,NA,2022,"September","2022-September","22-Sep"
"41",2022,"September",257,"7",2022-09-14 07:38:00,"O",0.365149,0.727767,"2022-September",2022-09-14,"256.292",0.45532191,0.23267899,NA,2022,"September","2022-September","22-Sep"
"42",2022,"September",257,"7",2022-09-14 07:57:00,"O",3.703702,0.150984,"2022-September",2022-09-14,"256.292",0.45532191,0.23267899,NA,2022,"September","2022-September","22-Sep"
"43",2022,"September",257,"8",2022-09-14 08:23:00,"O",0.519804,0.014655,"2022-September",2022-09-14,"256.333",0.3488442,0.232731,NA,2022,"September","2022-September","22-Sep"
"44",2022,"September",257,"8",2022-09-14 08:48:00,"O",0.591299,-0.008807,"2022-September",2022-09-14,"256.333",0.3488442,0.232731,NA,2022,"September","2022-September","22-Sep"
"45",2022,"September",257,"8",2022-09-14 09:06:00,"O",0.709288,0.018643,"2022-September",2022-09-14,"256.333",0.3488442,0.232731,NA,2022,"September","2022-September","22-Sep"
"46",2022,"September",257,"9",2022-09-14 09:34:00,"O",0.535866,0.017736,"2022-September",2022-09-14,"256.375",0.30416521,0.23269591,NA,2022,"September","2022-September","22-Sep"
"47",2022,"September",257,"9",2022-09-14 09:30:00,"O",0.25338,0.240089,"2022-September",2022-09-14,"256.375",0.30416521,0.23269591,NA,2022,"September","2022-September","22-Sep"
"48",2022,"September",257,"9",2022-09-14 09:10:00,"O",0.829218,0.00591,"2022-September",2022-09-14,"256.375",0.30416521,0.23269591,NA,2022,"September","2022-September","22-Sep"
"49",2022,"September",257,"10",2022-09-14 10:15:00,"O",0.132989,0.015438,"2022-September",2022-09-14,"256.417",0.2843056,0.2327178,NA,2022,"September","2022-September","22-Sep"
"50",2022,"September",257,"10",2022-09-14 10:19:00,"O",0.597545,0.555238,"2022-September",2022-09-14,"256.417",0.2843056,0.2327178,NA,2022,"September","2022-September","22-Sep"
"51",2022,"September",257,"10",2022-09-14 10:36:00,"O",0.871296,0.164075,"2022-September",2022-09-14,"256.417",0.2843056,0.2327178,NA,2022,"September","2022-September","22-Sep"
"52",2022,"September",257,"11",2022-09-14 11:21:00,"O",0.435162,0.015448,"2022-September",2022-09-14,"256.458",0.27426741,0.2325591,NA,2022,"September","2022-September","22-Sep"
"53",2022,"September",257,"11",2022-09-14 11:27:00,"O",0.095662,0.015757,"2022-September",2022-09-14,"256.458",0.27426741,0.2325591,NA,2022,"September","2022-September","22-Sep"
"54",2022,"September",257,"11",2022-09-14 11:43:00,"O",0.403703,0.004505,"2022-September",2022-09-14,"256.458",0.27426741,0.2325591,NA,2022,"September","2022-September","22-Sep"
"55",2022,"September",257,"12",2022-09-14 12:26:00,"O",-0.196893,0.008999,"2022-September",2022-09-14,"256.500",0.26921779,0.2324497,NA,2022,"September","2022-September","22-Sep"
"56",2022,"September",257,"12",2022-09-14 12:30:00,"O",0.472176,0.009313,"2022-September",2022-09-14,"256.500",0.26921779,0.2324497,NA,2022,"September","2022-September","22-Sep"
"57",2022,"September",257,"12",2022-09-14 12:44:00,"O",0.195963,0.001917,"2022-September",2022-09-14,"256.500",0.26921779,0.2324497,NA,2022,"September","2022-September","22-Sep"
"58",2022,"September",257,"13",2022-09-14 13:37:20,"O",-0.165573,0.006209,"2022-September",2022-09-14,"256.542",0.2668044,0.2323046,NA,2022,"September","2022-September","22-Sep"
"59",2022,"September",257,"13",2022-09-14 13:42:45,"O",0.325249,0.0214,"2022-September",2022-09-14,"256.542",0.2668044,0.2323046,NA,2022,"September","2022-September","22-Sep"
"60",2022,"September",257,"13",2022-09-14 13:58:00,"O",0.207447,0.049438,"2022-September",2022-09-14,"256.542",0.2668044,0.2323046,NA,2022,"September","2022-September","22-Sep"
"61",2022,"September",257,"14",2022-09-14 14:27:00,"O",-0.003054,0.052678,"2022-September",2022-09-14,"256.583",0.26589981,0.2322004,NA,2022,"September","2022-September","22-Sep"
"62",2022,"September",257,"14",2022-09-14 14:21:00,"O",0.368471,0.013412,"2022-September",2022-09-14,"256.583",0.26589981,0.2322004,NA,2022,"September","2022-September","22-Sep"
"63",2022,"September",257,"14",2022-09-14 14:04:00,"O",0.223062,0.016322,"2022-September",2022-09-14,"256.583",0.26589981,0.2322004,NA,2022,"September","2022-September","22-Sep"
"64",2022,"September",257,"15",2022-09-14 15:24:00,"O",0.211032,0.011195,"2022-September",2022-09-14,"256.625",0.26596209,0.23225249,NA,2022,"September","2022-September","22-Sep"
"65",2022,"September",257,"15",2022-09-14 15:28:00,"O",1.477971,4.159539,"2022-September",2022-09-14,"256.625",0.26596209,0.23225249,NA,2022,"September","2022-September","22-Sep"
"66",2022,"September",257,"15",2022-09-14 15:44:00,"O",0.348801,0.012702,"2022-September",2022-09-14,"256.625",0.26596209,0.23225249,NA,2022,"September","2022-September","22-Sep"
"67",2022,"September",257,"16",2022-09-14 16:17:00,"O",-0.055121,0.004377,"2022-September",2022-09-14,"256.667",0.26646501,0.23226359,NA,2022,"September","2022-September","22-Sep"
"68",2022,"September",257,"16",2022-09-14 16:39:00,"O",0.982452,0.024496,"2022-September",2022-09-14,"256.667",0.26646501,0.23226359,NA,2022,"September","2022-September","22-Sep"
"69",2022,"September",257,"17",2022-09-14 17:15:00,"O",0.068782,0.073665,"2022-September",2022-09-14,"256.708",0.26735529,0.2323444,NA,2022,"September","2022-September","22-Sep"
"70",2022,"September",257,"17",2022-09-14 17:19:00,"O",0.288481,0.003746,"2022-September",2022-09-14,"256.708",0.26735529,0.2323444,NA,2022,"September","2022-September","22-Sep"
"71",2022,"September",257,"17",2022-09-14 17:34:00,"O",0.931348,0.025297,"2022-September",2022-09-14,"256.708",0.26735529,0.2323444,NA,2022,"September","2022-September","22-Sep"
"72",2022,"September",257,"18",2022-09-14 18:34:00,"O",0.643788,0.014537,"2022-September",2022-09-14,"256.750",0.26851529,0.23247389,NA,2022,"September","2022-September","22-Sep"
"73",2022,"September",257,"18",2022-09-14 18:37:00,"O",0.397395,0.116063,"2022-September",2022-09-14,"256.750",0.26851529,0.23247389,NA,2022,"September","2022-September","22-Sep"
"74",2022,"September",257,"18",2022-09-14 18:53:00,"O",1.213919,0.004982,"2022-September",2022-09-14,"256.750",0.26851529,0.23247389,NA,2022,"September","2022-September","22-Sep"
"75",2022,"September",257,"19",2022-09-14 19:22:00,"O",0.686651,0.015685,"2022-September",2022-09-14,"256.792",0.26969221,0.2325251,NA,2022,"September","2022-September","22-Sep"
"76",2022,"September",257,"19",2022-09-14 19:18:00,"O",0.430267,0.003019,"2022-September",2022-09-14,"256.792",0.26969221,0.2325251,NA,2022,"September","2022-September","22-Sep"
"77",2022,"September",257,"19",2022-09-14 19:02:00,"O",0.551777,0.005632,"2022-September",2022-09-14,"256.792",0.26969221,0.2325251,NA,2022,"September","2022-September","22-Sep"
"78",2022,"October",285,"7",2022-10-12 07:26:00,"O",0.856291,0.0169,"2022-October",2022-10-12,"284.292",0.2373026,0.1904159,NA,2022,"October","2022-October","22-Oct"
"79",2022,"October",285,"7",2022-10-12 07:32:00,"O",0.858759,0.046598,"2022-October",2022-10-12,"284.292",0.2373026,0.1904159,NA,2022,"October","2022-October","22-Oct"
"80",2022,"October",285,"7",2022-10-12 07:51:00,"O",0.610368,0.020488,"2022-October",2022-10-12,"284.292",0.2373026,0.1904159,NA,2022,"October","2022-October","22-Oct"
"81",2022,"October",285,"8",2022-10-12 08:11:00,"O",0.715133,0.049947,"2022-October",2022-10-12,"284.333",0.237234,0.1902919,NA,2022,"October","2022-October","22-Oct"
"82",2022,"October",285,"8",2022-10-12 08:15:00,"O",0.95372,0.074488,"2022-October",2022-10-12,"284.333",0.237234,0.1902919,NA,2022,"October","2022-October","22-Oct"
"83",2022,"October",285,"8",2022-10-12 18:36:00,"O",0.355192,0.003546,"2022-October",2022-10-12,"284.333",0.237234,0.1902919,NA,2022,"October","2022-October","22-Oct"
"84",2022,"October",285,"9",2022-10-12 09:20:00,"O",0.456373,0.006645,"2022-October",2022-10-12,"284.375",0.2371631,0.1902329,NA,2022,"October","2022-October","22-Oct"
"85",2022,"October",285,"9",2022-10-12 09:25:00,"O",0.964463,0.065317,"2022-October",2022-10-12,"284.375",0.2371631,0.1902329,NA,2022,"October","2022-October","22-Oct"
"86",2022,"October",285,"9",2022-10-12 09:39:00,"O",0.37131,0.002876,"2022-October",2022-10-12,"284.375",0.2371631,0.1902329,NA,2022,"October","2022-October","22-Oct"
"87",2022,"October",285,"10",2022-10-12 10:19:00,"O",0.18998,0.00374,"2022-October",2022-10-12,"284.417",0.237012,0.1901862,NA,2022,"October","2022-October","22-Oct"
"88",2022,"October",285,"10",2022-10-12 10:22:00,"O",0.823714,0.062516,"2022-October",2022-10-12,"284.417",0.237012,0.1901862,NA,2022,"October","2022-October","22-Oct"
"89",2022,"October",285,"10",2022-10-12 10:27:00,"O",-0.23106,0.003258,"2022-October",2022-10-12,"284.417",0.237012,0.1901862,NA,2022,"October","2022-October","22-Oct"
"90",2022,"October",285,"11",2022-10-12 11:19:00,"O",0.02051,0.005097,"2022-October",2022-10-12,"284.458",0.236855,0.1901798,NA,2022,"October","2022-October","22-Oct"
"91",2022,"October",285,"11",2022-10-12 11:24:00,"O",0.646086,0.053434,"2022-October",2022-10-12,"284.458",0.236855,0.1901798,NA,2022,"October","2022-October","22-Oct"
"92",2022,"October",285,"11",2022-10-12 11:40:00,"O",-0.164417,0.002088,"2022-October",2022-10-12,"284.458",0.236855,0.1901798,NA,2022,"October","2022-October","22-Oct"
"93",2022,"October",285,"12",2022-10-12 12:19:00,"O",0.120682,0.008562,"2022-October",2022-10-12,"284.500",0.236734,0.19016039,NA,2022,"October","2022-October","22-Oct"
"94",2022,"October",285,"12",2022-10-12 12:25:00,"O",0.491219,0.044024,"2022-October",2022-10-12,"284.500",0.236734,0.19016039,NA,2022,"October","2022-October","22-Oct"
"95",2022,"October",285,"12",2022-10-12 12:44:00,"O",-0.047387,0.002193,"2022-October",2022-10-12,"284.500",0.236734,0.19016039,NA,2022,"October","2022-October","22-Oct"
"96",2022,"October",285,"13",2022-10-12 13:20:00,"O",-0.025218,0.001768,"2022-October",2022-10-12,"284.542",0.23666769,0.190174,NA,2022,"October","2022-October","22-Oct"
"97",2022,"October",285,"13",2022-10-12 13:25:00,"O",-0.087565,-0.057833,"2022-October",2022-10-12,"284.542",0.23666769,0.190174,NA,2022,"October","2022-October","22-Oct"
"98",2022,"October",285,"13",2022-10-12 13:51:00,"O",-3.945002,0.00176,"2022-October",2022-10-12,"284.542",0.23666769,0.190174,NA,2022,"October","2022-October","22-Oct"
"99",2022,"October",285,"14",2022-10-12 14:07:00,"O",-0.02485,0.015808,"2022-October",2022-10-12,"284.583",0.2366375,0.190244,NA,2022,"October","2022-October","22-Oct"
"100",2022,"October",285,"14",2022-10-12 14:26:00,"O",0.19412,0.021722,"2022-October",2022-10-12,"284.583",0.2366375,0.190244,NA,2022,"October","2022-October","22-Oct"
"101",2022,"October",285,"15",2022-10-12 15:17:00,"O",-0.362305,-0.00503,"2022-October",2022-10-12,"284.625",0.23664109,0.1903073,NA,2022,"October","2022-October","22-Oct"
"102",2022,"October",285,"15",2022-10-12 15:21:00,"O",0.37038,0.102395,"2022-October",2022-10-12,"284.625",0.23664109,0.1903073,NA,2022,"October","2022-October","22-Oct"
"103",2022,"October",285,"15",2022-10-12 15:42:00,"O",0.17129,0.011684,"2022-October",2022-10-12,"284.625",0.23664109,0.1903073,NA,2022,"October","2022-October","22-Oct"
"104",2022,"October",285,"16",2022-10-12 16:51:00,"O",-0.640809,0.094448,"2022-October",2022-10-12,"284.667",0.236771,0.1904593,NA,2022,"October","2022-October","22-Oct"
"105",2022,"October",285,"16",2022-10-12 16:43:00,"O",-0.024201,0.019686,"2022-October",2022-10-12,"284.667",0.236771,0.1904593,NA,2022,"October","2022-October","22-Oct"
"106",2022,"October",285,"16",2022-10-12 16:22:00,"O",-0.048831,0.000238,"2022-October",2022-10-12,"284.667",0.236771,0.1904593,NA,2022,"October","2022-October","22-Oct"
"107",2022,"October",285,"17",2022-10-12 17:04:00,"O",0.067498,0.001465,"2022-October",2022-10-12,"284.708",0.2369206,0.19059519,NA,2022,"October","2022-October","22-Oct"
"108",2022,"October",285,"17",2022-10-12 17:08:00,"O",0.26404,0.083316,"2022-October",2022-10-12,"284.708",0.2369206,0.19059519,NA,2022,"October","2022-October","22-Oct"
"109",2022,"October",285,"17",2022-10-12 17:30:00,"O",-0.542228,0.013193,"2022-October",2022-10-12,"284.708",0.2369206,0.19059519,NA,2022,"October","2022-October","22-Oct"
"110",2022,"October",285,"18",2022-10-12 18:32:00,"O",0.558684,0.002604,"2022-October",2022-10-12,"284.750",0.2371401,0.1907351,NA,2022,"October","2022-October","22-Oct"
"111",2022,"October",285,"18",2022-10-12 18:36:00,"O",1.045923,0.084753,"2022-October",2022-10-12,"284.750",0.2371401,0.1907351,NA,2022,"October","2022-October","22-Oct"
"112",2022,"October",285,"18",2022-10-12 18:54:00,"O",0.9488,0.06073,"2022-October",2022-10-12,"284.750",0.2371401,0.1907351,NA,2022,"October","2022-October","22-Oct"
"113",2022,"October",285,"19",2022-10-12 19:03:00,"O",0.684654,0.003586,"2022-October",2022-10-12,"284.792",0.61437768,0.190909,NA,2022,"October","2022-October","22-Oct"
"114",2022,"October",285,"19",2022-10-12 19:07:00,"O",0.844656,0.050208,"2022-October",2022-10-12,"284.792",0.61437768,0.190909,NA,2022,"October","2022-October","22-Oct"
"115",2022,"October",285,"19",2022-10-12 19:13:00,"O",0.741039,0.006541,"2022-October",2022-10-12,"284.792",0.61437768,0.190909,NA,2022,"October","2022-October","22-Oct"
"116",2023,"April",115,"7",2023-04-25 07:14:45,"O",0.189186,0.004717,"2023-April",2023-04-25,"114.292",0.1166247,0.086951382,NA,2023,"April","2023-April","23-Apr"
"117",2023,"April",115,"7",2023-04-25 07:18:10,"O",0.07054,0.16109,"2023-April",2023-04-25,"114.292",0.1166247,0.086951382,NA,2023,"April","2023-April","23-Apr"
"118",2023,"April",115,"7",2023-04-25 07:34:00,"O",0.417109,0.00783,"2023-April",2023-04-25,"114.292",0.1166247,0.086951382,NA,2023,"April","2023-April","23-Apr"
"119",2023,"April",115,"8",2023-04-25 08:21:40,"O",0.341525,0.004417,"2023-April",2023-04-25,"114.333",0.1160949,0.086718678,NA,2023,"April","2023-April","23-Apr"
"120",2023,"April",115,"8",2023-04-25 08:25:45,"O",0.270657,0.001906,"2023-April",2023-04-25,"114.333",0.1160949,0.086718678,NA,2023,"April","2023-April","23-Apr"
"121",2023,"April",115,"8",2023-04-25 08:42:45,"O",0.430899,0.008835,"2023-April",2023-04-25,"114.333",0.1160949,0.086718678,NA,2023,"April","2023-April","23-Apr"
"122",2023,"April",115,"9",2023-04-25 09:17:30,"O",0.187809,0.001821,"2023-April",2023-04-25,"114.375",0.1154446,0.086390473,NA,2023,"April","2023-April","23-Apr"
"123",2023,"April",115,"9",2023-04-25 09:20:40,"O",0.296181,0.002434,"2023-April",2023-04-25,"114.375",0.1154446,0.086390473,NA,2023,"April","2023-April","23-Apr"
"124",2023,"April",115,"9",2023-04-25 09:35:45,"O",0.594277,0.006838,"2023-April",2023-04-25,"114.375",0.1154446,0.086390473,NA,2023,"April","2023-April","23-Apr"
"125",2023,"April",115,"10",2023-04-25 10:17:00,"O",0.553148,0.006589,"2023-April",2023-04-25,"114.417",0.1148597,0.086123496,NA,2023,"April","2023-April","23-Apr"
"126",2023,"April",115,"10",2023-04-25 10:20:10,"O",0.486679,0.00531,"2023-April",2023-04-25,"114.417",0.1148597,0.086123496,NA,2023,"April","2023-April","23-Apr"
"127",2023,"April",115,"10",2023-04-25 10:34:45,"O",0.53639,0.008746,"2023-April",2023-04-25,"114.417",0.1148597,0.086123496,NA,2023,"April","2023-April","23-Apr"
"128",2023,"April",115,"11",2023-04-25 11:18:45,"O",0.60937,0.011246,"2023-April",2023-04-25,"114.458",0.1143775,0.085916571,NA,2023,"April","2023-April","23-Apr"
"129",2023,"April",115,"11",2023-04-25 11:21:45,"O",0.312681,0.004513,"2023-April",2023-04-25,"114.458",0.1143775,0.085916571,NA,2023,"April","2023-April","23-Apr"
"130",2023,"April",115,"11",2023-04-25 11:36:00,"O",0.251677,0.15056,"2023-April",2023-04-25,"114.458",0.1143775,0.085916571,NA,2023,"April","2023-April","23-Apr"
"131",2023,"April",115,"12",2023-04-25 12:12:05,"O",0.29877,0.005537,"2023-April",2023-04-25,"114.500",0.1139167,0.085710168,NA,2023,"April","2023-April","23-Apr"
"132",2023,"April",115,"12",2023-04-25 12:15:05,"O",0.494712,0.00498,"2023-April",2023-04-25,"114.500",0.1139167,0.085710168,NA,2023,"April","2023-April","23-Apr"
"133",2023,"April",115,"12",2023-04-25 12:28:40,"O",0.34464,0.008588,"2023-April",2023-04-25,"114.500",0.1139167,0.085710168,NA,2023,"April","2023-April","23-Apr"
"134",2023,"April",115,"13",2023-04-25 13:37:00,"O",0.278742,0.134646,"2023-April",2023-04-25,"114.542",0.1135277,0.085493617,NA,2023,"April","2023-April","23-Apr"
"135",2023,"April",115,"13",2023-04-25 13:40:05,"O",0.093005,0.003202,"2023-April",2023-04-25,"114.542",0.1135277,0.085493617,NA,2023,"April","2023-April","23-Apr"
"136",2023,"April",115,"13",2023-04-25 13:53:45,"O",0.740537,0.019782,"2023-April",2023-04-25,"114.542",0.1135277,0.085493617,NA,2023,"April","2023-April","23-Apr"
"137",2023,"April",115,"14",2023-04-25 14:13:45,"O",0.241938,0.003952,"2023-April",2023-04-25,"114.583",0.1131357,0.085233442,NA,2023,"April","2023-April","23-Apr"
"138",2023,"April",115,"14",2023-04-25 14:22:35,"O",0.25338,0.008046,"2023-April",2023-04-25,"114.583",0.1131357,0.085233442,NA,2023,"April","2023-April","23-Apr"
"139",2023,"April",115,"14",2023-04-25 14:36:45,"O",0.443428,0.011438,"2023-April",2023-04-25,"114.583",0.1131357,0.085233442,NA,2023,"April","2023-April","23-Apr"
"140",2023,"April",115,"15",2023-04-25 15:38:20,"O",0.403534,0.006411,"2023-April",2023-04-25,"114.625",0.112744,0.08492326,NA,2023,"April","2023-April","23-Apr"
"141",2023,"April",115,"15",2023-04-25 15:41:10,"O",0.458563,0.010549,"2023-April",2023-04-25,"114.625",0.112744,0.08492326,NA,2023,"April","2023-April","23-Apr"
"142",2023,"April",115,"15",2023-04-25 15:53:45,"O",0.267829,0.001517,"2023-April",2023-04-25,"114.625",0.112744,0.08492326,NA,2023,"April","2023-April","23-Apr"
"143",2023,"April",115,"16",2023-04-25 16:44:00,"O",0.186931,0.005442,"2023-April",2023-04-25,"114.667",0.1125449,0.084728673,NA,2023,"April","2023-April","23-Apr"
"144",2023,"April",115,"16",2023-04-25 16:47:25,"O",0.291662,0.043832,"2023-April",2023-04-25,"114.667",0.1125449,0.084728673,NA,2023,"April","2023-April","23-Apr"
"145",2023,"April",115,"16",2023-04-25 16:59:35,"O",0.364178,0.005954,"2023-April",2023-04-25,"114.667",0.1125449,0.084728673,NA,2023,"April","2023-April","23-Apr"
"146",2023,"April",115,"17",2023-04-25 17:03:45,"O",0.167905,0.006099,"2023-April",2023-04-25,"114.708",0.1123528,0.084479749,NA,2023,"April","2023-April","23-Apr"
"147",2023,"April",115,"17",2023-04-25 17:06:30,"O",0.190863,0.007315,"2023-April",2023-04-25,"114.708",0.1123528,0.084479749,NA,2023,"April","2023-April","23-Apr"
"148",2023,"April",115,"17",2023-04-25 17:18:50,"O",0.5353,0.00525,"2023-April",2023-04-25,"114.708",0.1123528,0.084479749,NA,2023,"April","2023-April","23-Apr"
"149",2023,"May",143,"7",2023-05-23 07:08:00,"O",0.660837,0.026314,"2023-May",2023-05-23,"142.292",0.17576049,0.1212852,NA,2023,"May","2023-May","23-May"
"150",2023,"May",143,"7",2023-05-23 07:11:15,"O",0.924812,0.022051,"2023-May",2023-05-23,"142.292",0.17576049,0.1212852,NA,2023,"May","2023-May","23-May"
"151",2023,"May",143,"7",2023-05-23 07:26:55,"O",1.213076,0.004968,"2023-May",2023-05-23,"142.292",0.17576049,0.1212852,NA,2023,"May","2023-May","23-May"
"152",2023,"May",143,"8",2023-05-23 08:11:20,"O",0.821847,0.037081,"2023-May",2023-05-23,"142.333",0.17566369,0.121395,NA,2023,"May","2023-May","23-May"
"153",2023,"May",143,"8",2023-05-23 08:15:00,"O",0.769478,0.021431,"2023-May",2023-05-23,"142.333",0.17566369,0.121395,NA,2023,"May","2023-May","23-May"
"154",2023,"May",143,"8",2023-05-23 08:28:50,"O",1.068442,0.005427,"2023-May",2023-05-23,"142.333",0.17566369,0.121395,NA,2023,"May","2023-May","23-May"
"155",2023,"May",143,"9",2023-05-23 09:14:35,"O",1.113839,0.047878,"2023-May",2023-05-23,"142.375",0.17544159,0.1214025,NA,2023,"May","2023-May","23-May"
"156",2023,"May",143,"9",2023-05-23 09:17:45,"O",1.119166,0.033961,"2023-May",2023-05-23,"142.375",0.17544159,0.1214025,NA,2023,"May","2023-May","23-May"
"157",2023,"May",143,"9",2023-05-23 09:30:20,"O",0.505059,-0.000302,"2023-May",2023-05-23,"142.375",0.17544159,0.1214025,NA,2023,"May","2023-May","23-May"
"158",2023,"May",143,"10",2023-05-23 10:07:25,"O",2.124055,0.120568,"2023-May",2023-05-23,"142.417",0.1753342,0.1215125,NA,2023,"May","2023-May","23-May"
"159",2023,"May",143,"10",2023-05-23 10:10:45,"O",1.30686,0.024031,"2023-May",2023-05-23,"142.417",0.1753342,0.1215125,NA,2023,"May","2023-May","23-May"
"160",2023,"May",143,"10",2023-05-23 10:24:30,"O",0.742775,0.021711,"2023-May",2023-05-23,"142.417",0.1753342,0.1215125,NA,2023,"May","2023-May","23-May"
"161",2023,"May",143,"11",2023-05-23 11:08:50,"O",1.168876,0.041423,"2023-May",2023-05-23,"142.458",0.1752113,0.1215506,NA,2023,"May","2023-May","23-May"
"162",2023,"May",143,"11",2023-05-23 11:05:10,"O",1.144369,0.030473,"2023-May",2023-05-23,"142.458",0.1752113,0.1215506,NA,2023,"May","2023-May","23-May"
"163",2023,"May",143,"11",2023-05-23 11:53:25,"O",0.631072,0.08592,"2023-May",2023-05-23,"142.458",0.1752113,0.1215506,NA,2023,"May","2023-May","23-May"
"164",2023,"May",143,"12",2023-05-23 12:42:30,"O",1.306392,0.340881,"2023-May",2023-05-23,"142.500",0.1752923,0.1216936,NA,2023,"May","2023-May","23-May"
"165",2023,"May",143,"12",2023-05-23 12:45:10,"O",1.170163,0.046225,"2023-May",2023-05-23,"142.500",0.1752923,0.1216936,NA,2023,"May","2023-May","23-May"
"166",2023,"May",143,"12",2023-05-23 12:58:10,"O",1.937631,0.068114,"2023-May",2023-05-23,"142.500",0.1752923,0.1216936,NA,2023,"May","2023-May","23-May"
"167",2023,"May",143,"13",2023-05-23 13:02:40,"O",1.6561,0.086717,"2023-May",2023-05-23,"142.542",0.1753014,0.1218346,NA,2023,"May","2023-May","23-May"
"168",2023,"May",143,"13",2023-05-23 13:05:30,"O",1.133771,0.035371,"2023-May",2023-05-23,"142.542",0.1753014,0.1218346,NA,2023,"May","2023-May","23-May"
"169",2023,"May",143,"13",2023-05-23 13:28:10,"O",1.771662,0.027007,"2023-May",2023-05-23,"142.542",0.1753014,0.1218346,NA,2023,"May","2023-May","23-May"
"170",2023,"May",143,"14",2023-05-23 14:22:45,"O",1.353181,0.073461,"2023-May",2023-05-23,"142.583",0.1752643,0.1219545,NA,2023,"May","2023-May","23-May"
"171",2023,"May",143,"14",2023-05-23 14:25:30,"O",1.484836,0.066528,"2023-May",2023-05-23,"142.583",0.1752643,0.1219545,NA,2023,"May","2023-May","23-May"
"172",2023,"May",143,"14",2023-05-23 14:37:35,"O",0.988789,0.016475,"2023-May",2023-05-23,"142.583",0.1752643,0.1219545,NA,2023,"May","2023-May","23-May"
"173",2023,"May",143,"15",2023-05-23 15:19:10,"O",1.881121,0.095317,"2023-May",2023-05-23,"142.625",0.1755325,0.122146,NA,2023,"May","2023-May","23-May"
"174",2023,"May",143,"15",2023-05-23 15:21:50,"O",1.964041,0.057134,"2023-May",2023-05-23,"142.625",0.1755325,0.122146,NA,2023,"May","2023-May","23-May"
"175",2023,"May",143,"15",2023-05-23 15:33:10,"O",0.803615,0.015556,"2023-May",2023-05-23,"142.625",0.1755325,0.122146,NA,2023,"May","2023-May","23-May"
"176",2023,"May",143,"16",2023-05-23 16:18:20,"O",1.852732,0.144012,"2023-May",2023-05-23,"142.667",0.1759267,0.1223127,NA,2023,"May","2023-May","23-May"
"177",2023,"May",143,"16",2023-05-23 16:20:55,"O",1.939974,0.034704,"2023-May",2023-05-23,"142.667",0.1759267,0.1223127,NA,2023,"May","2023-May","23-May"
"178",2023,"May",143,"16",2023-05-23 16:32:50,"O",0.566649,0.012181,"2023-May",2023-05-23,"142.667",0.1759267,0.1223127,NA,2023,"May","2023-May","23-May"
"179",2023,"May",143,"17",2023-05-23 17:13:00,"O",1.901786,0.077164,"2023-May",2023-05-23,"142.708",0.1764199,0.1224791,NA,2023,"May","2023-May","23-May"
"180",2023,"May",143,"17",2023-05-23 17:15:45,"O",0.908442,0.026532,"2023-May",2023-05-23,"142.708",0.1764199,0.1224791,NA,2023,"May","2023-May","23-May"
"181",2023,"May",143,"17",2023-05-23 17:27:20,"O",0.453678,0.019507,"2023-May",2023-05-23,"142.708",0.1764199,0.1224791,NA,2023,"May","2023-May","23-May"
"182",2023,"May",143,"18",2023-05-23 18:35:15,"O",1.534608,0.08057,"2023-May",2023-05-23,"142.750",0.17697839,0.1225887,NA,2023,"May","2023-May","23-May"
"183",2023,"May",143,"18",2023-05-23 18:37:45,"O",1.511208,0.027867,"2023-May",2023-05-23,"142.750",0.17697839,0.1225887,NA,2023,"May","2023-May","23-May"
"184",2023,"May",143,"18",2023-05-23 18:49:40,"O",4.290649,0.005684,"2023-May",2023-05-23,"142.750",0.17697839,0.1225887,NA,2023,"May","2023-May","23-May"
"185",2023,"May",143,"19",2023-05-23 19:01:00,"O",1.194895,0.051184,"2023-May",2023-05-23,"142.792",0.1775728,0.1227007,NA,2023,"May","2023-May","23-May"
"186",2023,"May",143,"19",2023-05-23 19:03:35,"O",1.780024,0.042239,"2023-May",2023-05-23,"142.792",0.1775728,0.1227007,NA,2023,"May","2023-May","23-May"
"187",2023,"May",143,"19",2023-05-23 19:15:30,"O",0.48732,0.04977,"2023-May",2023-05-23,"142.792",0.1775728,0.1227007,NA,2023,"May","2023-May","23-May"
"188",2023,"June",158,"7",2023-06-07 07:11:05,"O",0.849917,2.022843,"2023-June",2023-06-07,"157.292",0.204895,0.1422907,NA,2023,"June","2023-June","23-Jun"
"189",2023,"June",158,"7",2023-06-07 07:15:05,"O",2.095603,2.48923,"2023-June",2023-06-07,"157.292",0.204895,0.1422907,NA,2023,"June","2023-June","23-Jun"
"190",2023,"June",158,"7",2023-06-07 07:27:45,"O",1.440675,0.047858,"2023-June",2023-06-07,"157.292",0.204895,0.1422907,NA,2023,"June","2023-June","23-Jun"
"191",2023,"June",158,"8",2023-06-07 08:13:30,"O",1.286185,0.31059,"2023-June",2023-06-07,"157.333",0.2043561,0.1421703,NA,2023,"June","2023-June","23-Jun"
"192",2023,"June",158,"8",2023-06-07 08:16:20,"O",NA,2.302965,"2023-June",2023-06-07,"157.333",0.2043561,0.1421703,NA,2023,"June","2023-June","23-Jun"
"193",2023,"June",158,"8",2023-06-07 08:29:30,"O",0.897144,0.106099,"2023-June",2023-06-07,"157.333",0.2043561,0.1421703,NA,2023,"June","2023-June","23-Jun"
"194",2023,"June",158,"9",2023-06-07 09:14:05,"O",1.198915,0.017967,"2023-June",2023-06-07,"157.375",0.2039575,0.1421553,NA,2023,"June","2023-June","23-Jun"
"195",2023,"June",158,"9",2023-06-07 09:16:50,"O",1.837169,0.151772,"2023-June",2023-06-07,"157.375",0.2039575,0.1421553,NA,2023,"June","2023-June","23-Jun"
"196",2023,"June",158,"9",2023-06-07 09:28:30,"O",1.302451,0.056861,"2023-June",2023-06-07,"157.375",0.2039575,0.1421553,NA,2023,"June","2023-June","23-Jun"
"197",2023,"June",158,"11",2023-06-07 11:10:50,"O",0.441651,0.027867,"2023-June",2023-06-07,"157.458",0.2033046,0.14206231,NA,2023,"June","2023-June","23-Jun"
"198",2023,"June",158,"11",2023-06-07 11:13:55,"O",0.849884,0.065901,"2023-June",2023-06-07,"157.458",0.2033046,0.14206231,NA,2023,"June","2023-June","23-Jun"
"199",2023,"June",158,"11",2023-06-07 11:26:30,"O",0.288616,0.459738,"2023-June",2023-06-07,"157.458",0.2033046,0.14206231,NA,2023,"June","2023-June","23-Jun"
"200",2023,"June",158,"12",2023-06-07 12:19:00,"O",0.268755,0.069179,"2023-June",2023-06-07,"157.500",0.2033086,0.1421131,NA,2023,"June","2023-June","23-Jun"
"201",2023,"June",158,"12",2023-06-07 12:15:45,"O",0.46486,0.017888,"2023-June",2023-06-07,"157.500",0.2033086,0.1421131,NA,2023,"June","2023-June","23-Jun"
"202",2023,"June",158,"12",2023-06-07 12:32:05,"O",0.671018,0.027925,"2023-June",2023-06-07,"157.500",0.2033086,0.1421131,NA,2023,"June","2023-June","23-Jun"
"203",2023,"June",158,"13",2023-06-07 13:26:40,"O",0.553004,0.108048,"2023-June",2023-06-07,"157.542",0.2031166,0.1421379,NA,2023,"June","2023-June","23-Jun"
"204",2023,"June",158,"13",2023-06-07 13:29:20,"O",0.630521,2.60433,"2023-June",2023-06-07,"157.542",0.2031166,0.1421379,NA,2023,"June","2023-June","23-Jun"
"205",2023,"June",158,"13",2023-06-07 13:40:55,"O",0.662608,0.275103,"2023-June",2023-06-07,"157.542",0.2031166,0.1421379,NA,2023,"June","2023-June","23-Jun"
"206",2023,"June",158,"14",2023-06-07 14:14:45,"O",0.493775,0.035503,"2023-June",2023-06-07,"157.583",0.2032069,0.1422524,NA,2023,"June","2023-June","23-Jun"
"207",2023,"June",158,"14",2023-06-07 14:17:15,"O",NA,NA,"2023-June",2023-06-07,"157.583",0.2032069,0.1422524,NA,2023,"June","2023-June","23-Jun"
"208",2023,"June",158,"14",2023-06-07 14:28:50,"O",0.105531,0.337078,"2023-June",2023-06-07,"157.583",0.2032069,0.1422524,NA,2023,"June","2023-June","23-Jun"
"209",2023,"June",158,"15",2023-06-07 15:37:35,"O",0.087025,0.032051,"2023-June",2023-06-07,"157.625",0.2034106,0.1423616,NA,2023,"June","2023-June","23-Jun"
"210",2023,"June",158,"15",2023-06-07 15:51:55,"O",0.429328,0.03064,"2023-June",2023-06-07,"157.625",0.2034106,0.1423616,NA,2023,"June","2023-June","23-Jun"
"211",2023,"June",158,"16",2023-06-07 16:42:00,"O",0.046243,0.332886,"2023-June",2023-06-07,"157.667",0.20378201,0.1424645,NA,2023,"June","2023-June","23-Jun"
"212",2023,"June",158,"16",2023-06-07 16:44:30,"O",0.357441,0.017095,"2023-June",2023-06-07,"157.667",0.20378201,0.1424645,NA,2023,"June","2023-June","23-Jun"
"213",2023,"June",158,"16",2023-06-07 16:55:55,"O",1.111009,0.070963,"2023-June",2023-06-07,"157.667",0.20378201,0.1424645,NA,2023,"June","2023-June","23-Jun"
"214",2023,"June",158,"17",2023-06-07 17:34:25,"O",0.191767,0.028365,"2023-June",2023-06-07,"157.708",0.20432509,0.14257661,NA,2023,"June","2023-June","23-Jun"
"215",2023,"June",158,"17",2023-06-07 17:36:55,"O",0.216186,0.181681,"2023-June",2023-06-07,"157.708",0.20432509,0.14257661,NA,2023,"June","2023-June","23-Jun"
"216",2023,"June",158,"17",2023-06-07 17:48:25,"O",0.217508,0.842783,"2023-June",2023-06-07,"157.708",0.20432509,0.14257661,NA,2023,"June","2023-June","23-Jun"
"217",2023,"June",158,"18",2023-06-07 18:42:30,"O",0.406078,0.072453,"2023-June",2023-06-07,"157.750",0.2047448,0.14261431,NA,2023,"June","2023-June","23-Jun"
"218",2023,"June",158,"18",2023-06-07 18:45:00,"O",-4.143141,NA,"2023-June",2023-06-07,"157.750",0.2047448,0.14261431,NA,2023,"June","2023-June","23-Jun"
"219",2023,"June",158,"18",2023-06-07 18:55:55,"O",0.323855,0.016144,"2023-June",2023-06-07,"157.750",0.2047448,0.14261431,NA,2023,"June","2023-June","23-Jun"
"220",2023,"June",158,"19",2023-06-07 19:00:05,"O",-0.035965,0.400623,"2023-June",2023-06-07,"157.792",0.2050464,0.14253069,NA,2023,"June","2023-June","23-Jun"
"221",2023,"June",158,"19",2023-06-07 19:02:50,"O",NA,0.33847,"2023-June",2023-06-07,"157.792",0.2050464,0.14253069,NA,2023,"June","2023-June","23-Jun"
"222",2023,"June",158,"19",2023-06-07 19:14:50,"O",0.435588,0.063754,"2023-June",2023-06-07,"157.792",0.2050464,0.14253069,NA,2023,"June","2023-June","23-Jun"
"223",2023,"July",200,"7",2023-07-19 07:12:20,"O",1.197474,0.149305,"2023-July",2023-07-19,"199.292",0.2359397,0.1792392,NA,2023,"July","2023-July","23-Jul"
"224",2023,"July",200,"7",2023-07-19 07:15:45,"O",2.036365,0.012348,"2023-July",2023-07-19,"199.292",0.2359397,0.1792392,NA,2023,"July","2023-July","23-Jul"
"225",2023,"July",200,"7",2023-07-19 07:30:30,"O",0.83781,NA,"2023-July",2023-07-19,"199.292",0.2359397,0.1792392,NA,2023,"July","2023-July","23-Jul"
"226",2023,"July",200,"8",2023-07-19 08:14:00,"O",-2.877428,0.209326,"2023-July",2023-07-19,"199.333",0.2356379,0.1790707,NA,2023,"July","2023-July","23-Jul"
"227",2023,"July",200,"8",2023-07-19 08:16:40,"O",2.008997,0.002853,"2023-July",2023-07-19,"199.333",0.2356379,0.1790707,NA,2023,"July","2023-July","23-Jul"
"228",2023,"July",200,"8",2023-07-19 08:30:30,"O",NA,NA,"2023-July",2023-07-19,"199.333",0.2356379,0.1790707,NA,2023,"July","2023-July","23-Jul"
"229",2023,"July",200,"9",2023-07-19 09:16:35,"O",1.481973,0.17021,"2023-July",2023-07-19,"199.375",0.23547339,0.1790079,NA,2023,"July","2023-July","23-Jul"
"230",2023,"July",200,"9",2023-07-19 09:19:10,"O",2.661219,-0.000143,"2023-July",2023-07-19,"199.375",0.23547339,0.1790079,NA,2023,"July","2023-July","23-Jul"
"231",2023,"July",200,"9",2023-07-19 09:31:40,"O",NA,NA,"2023-July",2023-07-19,"199.375",0.23547339,0.1790079,NA,2023,"July","2023-July","23-Jul"
"232",2023,"July",200,"10",2023-07-19 10:12:45,"O",0.473648,0.09022,"2023-July",2023-07-19,"199.417",0.2354555,0.1789978,NA,2023,"July","2023-July","23-Jul"
"233",2023,"July",200,"10",2023-07-19 10:15:30,"O",3.091285,0.00206,"2023-July",2023-07-19,"199.417",0.2354555,0.1789978,NA,2023,"July","2023-July","23-Jul"
"234",2023,"July",200,"10",2023-07-19 10:28:10,"O",-1.125319,0.263467,"2023-July",2023-07-19,"199.417",0.2354555,0.1789978,NA,2023,"July","2023-July","23-Jul"
"235",2023,"July",200,"11",2023-07-19 11:29:30,"O",1.439962,0.101857,"2023-July",2023-07-19,"199.458",0.2356036,0.1790459,NA,2023,"July","2023-July","23-Jul"
"236",2023,"July",200,"11",2023-07-19 11:32:15,"O",3.004406,0.002405,"2023-July",2023-07-19,"199.458",0.2356036,0.1790459,NA,2023,"July","2023-July","23-Jul"
"237",2023,"July",200,"11",2023-07-19 11:44:45,"O",9.311832,-0.821957,"2023-July",2023-07-19,"199.458",0.2356036,0.1790459,NA,2023,"July","2023-July","23-Jul"
"238",2023,"July",200,"12",2023-07-19 12:08:25,"O",5.594783,-0.000609,"2023-July",2023-07-19,"199.500",0.235966,0.1791925,NA,2023,"July","2023-July","23-Jul"
"239",2023,"July",200,"12",2023-07-19 12:11:00,"O",2.729577,0.000855,"2023-July",2023-07-19,"199.500",0.235966,0.1791925,NA,2023,"July","2023-July","23-Jul"
"240",2023,"July",200,"12",2023-07-19 12:24:50,"O",-0.297215,NA,"2023-July",2023-07-19,"199.500",0.235966,0.1791925,NA,2023,"July","2023-July","23-Jul"
"241",2023,"July",200,"13",2023-07-19 13:17:50,"O",1.947996,0.153406,"2023-July",2023-07-19,"199.542",0.236745,0.1794415,NA,2023,"July","2023-July","23-Jul"
"242",2023,"July",200,"13",2023-07-19 13:20:40,"O",0.736891,8e-04,"2023-July",2023-07-19,"199.542",0.236745,0.1794415,NA,2023,"July","2023-July","23-Jul"
"243",2023,"July",200,"13",2023-07-19 13:33:35,"O",0.464858,NA,"2023-July",2023-07-19,"199.542",0.236745,0.1794415,NA,2023,"July","2023-July","23-Jul"
"244",2023,"July",200,"14",2023-07-19 14:16:15,"O",-0.12336,0.356149,"2023-July",2023-07-19,"199.583",0.23808549,0.1798977,NA,2023,"July","2023-July","23-Jul"
"245",2023,"July",200,"14",2023-07-19 14:19:00,"O",1.865904,0.002346,"2023-July",2023-07-19,"199.583",0.23808549,0.1798977,NA,2023,"July","2023-July","23-Jul"
"246",2023,"July",200,"14",2023-07-19 14:33:30,"O",1.606002,1.322267,"2023-July",2023-07-19,"199.583",0.23808549,0.1798977,NA,2023,"July","2023-July","23-Jul"
"247",2023,"July",200,"15",2023-07-19 15:37:00,"O",4.710727,1.602414,"2023-July",2023-07-19,"199.625",0.23914149,0.1802378,NA,2023,"July","2023-July","23-Jul"
"248",2023,"July",200,"15",2023-07-19 15:40:05,"O",19.117027,0.000881,"2023-July",2023-07-19,"199.625",0.23914149,0.1802378,NA,2023,"July","2023-July","23-Jul"
"249",2023,"July",200,"15",2023-07-19 15:52:30,"O",-0.98442,NA,"2023-July",2023-07-19,"199.625",0.23914149,0.1802378,NA,2023,"July","2023-July","23-Jul"
"250",2023,"July",200,"16",2023-07-19 16:06:55,"O",1.731352,0.748113,"2023-July",2023-07-19,"199.667",0.2405051,0.1806374,NA,2023,"July","2023-July","23-Jul"
"251",2023,"July",200,"16",2023-07-19 16:09:45,"O",6.441771,0.009422,"2023-July",2023-07-19,"199.667",0.2405051,0.1806374,NA,2023,"July","2023-July","23-Jul"
"252",2023,"July",200,"16",2023-07-19 16:22:45,"O",-2.369377,0.58312,"2023-July",2023-07-19,"199.667",0.2405051,0.1806374,NA,2023,"July","2023-July","23-Jul"
"253",2023,"July",200,"17",2023-07-19 17:16:15,"O",1.56901,1.14112,"2023-July",2023-07-19,"199.708",0.241862,0.18115561,NA,2023,"July","2023-July","23-Jul"
"254",2023,"July",200,"17",2023-07-19 17:19:25,"O",-1.188283,-0.000272,"2023-July",2023-07-19,"199.708",0.241862,0.18115561,NA,2023,"July","2023-July","23-Jul"
"255",2023,"July",200,"17",2023-07-19 17:31:00,"O",1.650689,1.526278,"2023-July",2023-07-19,"199.708",0.241862,0.18115561,NA,2023,"July","2023-July","23-Jul"
"256",2023,"July",200,"18",2023-07-19 18:30:25,"O",NA,NA,"2023-July",2023-07-19,"199.750",0.2429188,0.1814741,NA,2023,"July","2023-July","23-Jul"
"257",2023,"July",200,"18",2023-07-19 18:33:00,"O",2.497015,0.002159,"2023-July",2023-07-19,"199.750",0.2429188,0.1814741,NA,2023,"July","2023-July","23-Jul"
"258",2023,"July",200,"18",2023-07-19 18:44:00,"O",2.654993,1.010025,"2023-July",2023-07-19,"199.750",0.2429188,0.1814741,NA,2023,"July","2023-July","23-Jul"
"259",2023,"July",200,"19",2023-07-19 19:00:25,"O",2.187506,1.474761,"2023-July",2023-07-19,"199.792",0.24368399,0.18159071,NA,2023,"July","2023-July","23-Jul"
"260",2023,"July",200,"19",2023-07-19 19:03:05,"O",2.741013,0.001954,"2023-July",2023-07-19,"199.792",0.24368399,0.18159071,NA,2023,"July","2023-July","23-Jul"
"261",2023,"July",200,"19",2023-07-19 19:14:35,"O",0.728243,NA,"2023-July",2023-07-19,"199.792",0.24368399,0.18159071,NA,2023,"July","2023-July","23-Jul"
"262",2023,"August",227,"5",2023-08-15 05:38:30,"O",1.035654,0.017317,"2023-August",2023-08-15,"226.208",0.2268485,0.1842901,NA,2023,"August","2023-August","23-Aug"
"263",2023,"August",227,"5",2023-08-15 05:41:30,"O",-1.375485,-0.004062,"2023-August",2023-08-15,"226.208",0.2268485,0.1842901,NA,2023,"August","2023-August","23-Aug"
"264",2023,"August",227,"5",2023-08-15 05:44:30,"O",0.892484,0.005907,"2023-August",2023-08-15,"226.208",0.2268485,0.1842901,NA,2023,"August","2023-August","23-Aug"
"265",2023,"August",227,"6",2023-08-15 06:35:00,"O",NA,-2e-06,"2023-August",2023-08-15,"226.250",0.2183653,0.18420219,NA,2023,"August","2023-August","23-Aug"
"266",2023,"August",227,"6",2023-08-15 06:37:50,"O",-0.523179,-0.000252,"2023-August",2023-08-15,"226.250",0.2183653,0.18420219,NA,2023,"August","2023-August","23-Aug"
"267",2023,"August",227,"6",2023-08-15 06:41:00,"O",2.420992,0.036395,"2023-August",2023-08-15,"226.250",0.2183653,0.18420219,NA,2023,"August","2023-August","23-Aug"
"268",2023,"August",227,"7",2023-08-15 07:18:40,"O",1.471457,0.000493,"2023-August",2023-08-15,"226.292",0.2174947,0.18411329,NA,2023,"August","2023-August","23-Aug"
"269",2023,"August",227,"7",2023-08-15 07:21:45,"O",-5.62205,0.019589,"2023-August",2023-08-15,"226.292",0.2174947,0.18411329,NA,2023,"August","2023-August","23-Aug"
"270",2023,"August",227,"7",2023-08-15 07:29:10,"O",0.883406,0.032577,"2023-August",2023-08-15,"226.292",0.2174947,0.18411329,NA,2023,"August","2023-August","23-Aug"
"271",2023,"August",227,"8",2023-08-15 08:27:30,"O",3.526233,-1.1e-05,"2023-August",2023-08-15,"226.333",0.21776991,0.18407039,NA,2023,"August","2023-August","23-Aug"
"272",2023,"August",227,"8",2023-08-15 08:30:05,"O",-4.328741,-0.00133,"2023-August",2023-08-15,"226.333",0.21776991,0.18407039,NA,2023,"August","2023-August","23-Aug"
"273",2023,"August",227,"8",2023-08-15 08:32:50,"O",1.120426,-0.000391,"2023-August",2023-08-15,"226.333",0.21776991,0.18407039,NA,2023,"August","2023-August","23-Aug"
"274",2023,"August",227,"9",2023-08-15 09:25:15,"O",5.001445,0.001311,"2023-August",2023-08-15,"226.375",0.21793149,0.18405271,NA,2023,"August","2023-August","23-Aug"
"275",2023,"August",227,"9",2023-08-15 09:33:20,"O",-0.750491,-0.05813,"2023-August",2023-08-15,"226.375",0.21793149,0.18405271,NA,2023,"August","2023-August","23-Aug"
"276",2023,"August",227,"9",2023-08-15 09:36:35,"O",0.599094,0.006818,"2023-August",2023-08-15,"226.375",0.21793149,0.18405271,NA,2023,"August","2023-August","23-Aug"
"277",2023,"August",227,"10",2023-08-15 10:16:50,"O",2e-06,0.005118,"2023-August",2023-08-15,"226.417",0.21820509,0.1840668,NA,2023,"August","2023-August","23-Aug"
"278",2023,"August",227,"10",2023-08-15 10:19:50,"O",-1.691592,0.00127,"2023-August",2023-08-15,"226.417",0.21820509,0.1840668,NA,2023,"August","2023-August","23-Aug"
"279",2023,"August",227,"10",2023-08-15 10:22:30,"O",1.172198,0.042235,"2023-August",2023-08-15,"226.417",0.21820509,0.1840668,NA,2023,"August","2023-August","23-Aug"
"280",2023,"August",227,"11",2023-08-15 11:33:45,"O",NA,-0.003963,"2023-August",2023-08-15,"226.458",0.2186448,0.18408591,NA,2023,"August","2023-August","23-Aug"
"281",2023,"August",227,"11",2023-08-15 11:36:15,"O",NA,9.8e-05,"2023-August",2023-08-15,"226.458",0.2186448,0.18408591,NA,2023,"August","2023-August","23-Aug"
"282",2023,"August",227,"11",2023-08-15 11:38:45,"O",0.008937,0.003116,"2023-August",2023-08-15,"226.458",0.2186448,0.18408591,NA,2023,"August","2023-August","23-Aug"
"283",2023,"August",227,"12",2023-08-15 12:26:00,"O",5.193048,0.056054,"2023-August",2023-08-15,"226.500",0.219015,0.18407559,NA,2023,"August","2023-August","23-Aug"
"284",2023,"August",227,"12",2023-08-15 12:28:15,"O",5.965929,0.027254,"2023-August",2023-08-15,"226.500",0.219015,0.18407559,NA,2023,"August","2023-August","23-Aug"
"285",2023,"August",227,"12",2023-08-15 12:31:05,"O",0.21492,0.000561,"2023-August",2023-08-15,"226.500",0.219015,0.18407559,NA,2023,"August","2023-August","23-Aug"
"286",2023,"August",227,"13",2023-08-15 13:26:25,"O",1.652159,-0.000628,"2023-August",2023-08-15,"226.542",0.33212,0.1842864,NA,2023,"August","2023-August","23-Aug"
"287",2023,"August",227,"13",2023-08-15 13:29:05,"O",3.56726,0.002096,"2023-August",2023-08-15,"226.542",0.33212,0.1842864,NA,2023,"August","2023-August","23-Aug"
"288",2023,"August",227,"13",2023-08-15 13:31:30,"O",-0.312746,0.001937,"2023-August",2023-08-15,"226.542",0.33212,0.1842864,NA,2023,"August","2023-August","23-Aug"
"289",2023,"August",227,"14",2023-08-15 14:29:45,"O",13.942746,-0.023776,"2023-August",2023-08-15,"226.583",0.4141573,0.1839705,NA,2023,"August","2023-August","23-Aug"
"290",2023,"August",227,"14",2023-08-15 14:32:10,"O",1.600375,0.015366,"2023-August",2023-08-15,"226.583",0.4141573,0.1839705,NA,2023,"August","2023-August","23-Aug"
"291",2023,"August",227,"14",2023-08-15 14:34:50,"O",0.135321,0.004236,"2023-August",2023-08-15,"226.583",0.4141573,0.1839705,NA,2023,"August","2023-August","23-Aug"
"292",2023,"August",227,"15",2023-08-15 15:30:35,"O",4.396898,-0.017814,"2023-August",2023-08-15,"226.625",0.36479959,0.1842297,NA,2023,"August","2023-August","23-Aug"
"293",2023,"August",227,"15",2023-08-15 15:33:15,"O",0.061759,-2.5e-05,"2023-August",2023-08-15,"226.625",0.36479959,0.1842297,NA,2023,"August","2023-August","23-Aug"
"294",2023,"August",227,"15",2023-08-15 15:35:50,"O",0.031856,-0.019457,"2023-August",2023-08-15,"226.625",0.36479959,0.1842297,NA,2023,"August","2023-August","23-Aug"
"295",2023,"August",227,"16",2023-08-15 16:29:35,"O",NA,-0.017246,"2023-August",2023-08-15,"226.667",0.27584329,0.1844341,NA,2023,"August","2023-August","23-Aug"
"296",2023,"August",227,"16",2023-08-15 16:32:40,"O",-1.022516,-0.000207,"2023-August",2023-08-15,"226.667",0.27584329,0.1844341,NA,2023,"August","2023-August","23-Aug"
"297",2023,"August",227,"16",2023-08-15 16:35:55,"O",1.13279,0.004667,"2023-August",2023-08-15,"226.667",0.27584329,0.1844341,NA,2023,"August","2023-August","23-Aug"
"298",2023,"August",227,"17",2023-08-15 17:31:50,"O",0.776548,0.023825,"2023-August",2023-08-15,"226.708",0.23772231,0.18457089,NA,2023,"August","2023-August","23-Aug"
"299",2023,"August",227,"17",2023-08-15 17:34:45,"O",3.566928,0.001721,"2023-August",2023-08-15,"226.708",0.23772231,0.18457089,NA,2023,"August","2023-August","23-Aug"
"300",2023,"August",227,"17",2023-08-15 17:37:30,"O",17.759986,0.03627,"2023-August",2023-08-15,"226.708",0.23772231,0.18457089,NA,2023,"August","2023-August","23-Aug"
"301",2023,"August",227,"18",2023-08-15 18:31:00,"O",-5.614658,0.005403,"2023-August",2023-08-15,"226.750",0.2243319,0.18465281,NA,2023,"August","2023-August","23-Aug"
"302",2023,"August",227,"18",2023-08-15 18:33:30,"O",3.335242,-0.002055,"2023-August",2023-08-15,"226.750",0.2243319,0.18465281,NA,2023,"August","2023-August","23-Aug"
"303",2023,"August",227,"18",2023-08-15 18:36:10,"O",0.391082,0.004768,"2023-August",2023-08-15,"226.750",0.2243319,0.18465281,NA,2023,"August","2023-August","23-Aug"
"304",2023,"September",262,"5",2023-09-19 05:31:45,"O",NA,0.067874,"2023-September",2023-09-19,"261.208",0.2385924,0.20226219,NA,2023,"September","2023-September","23-Sep"
"305",2023,"September",262,"5",2023-09-19 05:37:45,"O",0.971165,0.000482,"2023-September",2023-09-19,"261.208",0.2385924,0.20226219,NA,2023,"September","2023-September","23-Sep"
"306",2023,"September",262,"5",2023-09-19 05:35:00,"O",0.84467,0.004576,"2023-September",2023-09-19,"261.208",0.2385924,0.20226219,NA,2023,"September","2023-September","23-Sep"
"307",2023,"September",262,"6",2023-09-19 06:29:30,"O",-2.845916,0.002947,"2023-September",2023-09-19,"261.250",0.2387377,0.2020884,NA,2023,"September","2023-September","23-Sep"
"308",2023,"September",262,"6",2023-09-19 06:32:00,"O",1.058993,-4.7e-05,"2023-September",2023-09-19,"261.250",0.2387377,0.2020884,NA,2023,"September","2023-September","23-Sep"
"309",2023,"September",262,"6",2023-09-19 06:34:35,"O",1.30505,0.000692,"2023-September",2023-09-19,"261.250",0.2387377,0.2020884,NA,2023,"September","2023-September","23-Sep"
"310",2023,"September",262,"7",2023-09-19 07:31:00,"O",0.869811,0.001045,"2023-September",2023-09-19,"261.292",0.2389231,0.2019708,NA,2023,"September","2023-September","23-Sep"
"311",2023,"September",262,"7",2023-09-19 07:33:45,"O",1.124035,0.000432,"2023-September",2023-09-19,"261.292",0.2389231,0.2019708,NA,2023,"September","2023-September","23-Sep"
"312",2023,"September",262,"7",2023-09-19 07:36:15,"O",1.32513,0.001086,"2023-September",2023-09-19,"261.292",0.2389231,0.2019708,NA,2023,"September","2023-September","23-Sep"
"313",2023,"September",262,"8",2023-09-19 08:37:00,"O",0.961126,-8e-05,"2023-September",2023-09-19,"261.333",0.2389289,0.2017106,NA,2023,"September","2023-September","23-Sep"
"314",2023,"September",262,"8",2023-09-19 08:39:30,"O",0.011474,0.001148,"2023-September",2023-09-19,"261.333",0.2389289,0.2017106,NA,2023,"September","2023-September","23-Sep"
"315",2023,"September",262,"8",2023-09-19 08:42:00,"O",0.576355,0.003755,"2023-September",2023-09-19,"261.333",0.2389289,0.2017106,NA,2023,"September","2023-September","23-Sep"
"316",2023,"September",262,"9",2023-09-19 09:19:00,"O",2.392432,0.002131,"2023-September",2023-09-19,"261.375",0.2389147,0.2014827,NA,2023,"September","2023-September","23-Sep"
"317",2023,"September",262,"9",2023-09-19 09:21:30,"O",1.187428,0.001288,"2023-September",2023-09-19,"261.375",0.2389147,0.2014827,NA,2023,"September","2023-September","23-Sep"
"318",2023,"September",262,"9",2023-09-19 09:24:00,"O",0.84257,0.001007,"2023-September",2023-09-19,"261.375",0.2389147,0.2014827,NA,2023,"September","2023-September","23-Sep"
"319",2023,"September",262,"11",2023-09-19 11:53:15,"O",-1.067453,-0.002476,"2023-September",2023-09-19,"261.458",0.2387635,0.2010134,NA,2023,"September","2023-September","23-Sep"
"320",2023,"September",262,"11",2023-09-19 11:56:00,"O",0.269952,0.002326,"2023-September",2023-09-19,"261.458",0.2387635,0.2010134,NA,2023,"September","2023-September","23-Sep"
"321",2023,"September",262,"11",2023-09-19 11:58:20,"O",2.340656,-0.001323,"2023-September",2023-09-19,"261.458",0.2387635,0.2010134,NA,2023,"September","2023-September","23-Sep"
"322",2023,"September",262,"12",2023-09-19 12:27:40,"O",-0.616966,0.002131,"2023-September",2023-09-19,"261.500",0.2387732,0.2008609,NA,2023,"September","2023-September","23-Sep"
"323",2023,"September",262,"12",2023-09-19 12:32:50,"O",1.150126,-0.000576,"2023-September",2023-09-19,"261.500",0.2387732,0.2008609,NA,2023,"September","2023-September","23-Sep"
"324",2023,"September",262,"12",2023-09-19 12:35:15,"O",2.745571,0.002386,"2023-September",2023-09-19,"261.500",0.2387732,0.2008609,NA,2023,"September","2023-September","23-Sep"
"325",2023,"September",262,"13",2023-09-19 13:37:10,"O",-1.296672,-0.185159,"2023-September",2023-09-19,"261.542",0.2387343,0.2006689,NA,2023,"September","2023-September","23-Sep"
"326",2023,"September",262,"13",2023-09-19 13:40:00,"O",2.95431,0.021356,"2023-September",2023-09-19,"261.542",0.2387343,0.2006689,NA,2023,"September","2023-September","23-Sep"
"327",2023,"September",262,"13",2023-09-19 13:43:20,"O",1.865049,0.004266,"2023-September",2023-09-19,"261.542",0.2387343,0.2006689,NA,2023,"September","2023-September","23-Sep"
"328",2023,"September",262,"14",2023-09-19 14:30:55,"O",0.398453,-0.002469,"2023-September",2023-09-19,"261.583",0.23885091,0.20058221,NA,2023,"September","2023-September","23-Sep"
"329",2023,"September",262,"14",2023-09-19 14:33:20,"O",0.65151,-0.032084,"2023-September",2023-09-19,"261.583",0.23885091,0.20058221,NA,2023,"September","2023-September","23-Sep"
"330",2023,"September",262,"14",2023-09-19 14:35:40,"O",2.269176,0.007925,"2023-September",2023-09-19,"261.583",0.23885091,0.20058221,NA,2023,"September","2023-September","23-Sep"
"331",2023,"September",262,"15",2023-09-19 15:40:50,"O",-2.996885,0.001537,"2023-September",2023-09-19,"261.625",0.238895,0.20041689,NA,2023,"September","2023-September","23-Sep"
"332",2023,"September",262,"15",2023-09-19 15:43:15,"O",0.252407,0.01055,"2023-September",2023-09-19,"261.625",0.238895,0.20041689,NA,2023,"September","2023-September","23-Sep"
"333",2023,"September",262,"15",2023-09-19 15:45:35,"O",0.836565,0.000599,"2023-September",2023-09-19,"261.625",0.238895,0.20041689,NA,2023,"September","2023-September","23-Sep"
"334",2023,"September",262,"16",2023-09-19 16:17:30,"O",5.718157,-0.000856,"2023-September",2023-09-19,"261.667",0.2390378,0.20031621,NA,2023,"September","2023-September","23-Sep"
"335",2023,"September",262,"16",2023-09-19 16:20:05,"O",-13.769431,-0.00147,"2023-September",2023-09-19,"261.667",0.2390378,0.20031621,NA,2023,"September","2023-September","23-Sep"
"336",2023,"September",262,"16",2023-09-19 16:22:30,"O",0.45822,0.002154,"2023-September",2023-09-19,"261.667",0.2390378,0.20031621,NA,2023,"September","2023-September","23-Sep"
"337",2023,"September",262,"17",2023-09-19 17:53:00,"O",2.513469,0.000161,"2023-September",2023-09-19,"261.708",0.2391817,0.2001895,NA,2023,"September","2023-September","23-Sep"
"338",2023,"September",262,"17",2023-09-19 17:55:12,"O",1.234264,0.011239,"2023-September",2023-09-19,"261.708",0.2391817,0.2001895,NA,2023,"September","2023-September","23-Sep"
"339",2023,"September",262,"17",2023-09-19 17:57:25,"O",2.822847,0.007605,"2023-September",2023-09-19,"261.708",0.2391817,0.2001895,NA,2023,"September","2023-September","23-Sep"
"340",2023,"September",262,"18",2023-09-19 18:29:30,"O",3.499093,0.01602,"2023-September",2023-09-19,"261.750",0.2393541,0.20006379,NA,2023,"September","2023-September","23-Sep"
"341",2023,"September",262,"18",2023-09-19 18:33:20,"O",0.177125,-0.000176,"2023-September",2023-09-19,"261.750",0.2393541,0.20006379,NA,2023,"September","2023-September","23-Sep"
"342",2023,"September",262,"18",2023-09-19 18:36:00,"O",2.321658,0.003108,"2023-September",2023-09-19,"261.750",0.2393541,0.20006379,NA,2023,"September","2023-September","23-Sep"
"343",2023,"September",262,"19",2023-09-19 19:29:50,"O",1.876626,0.002653,"2023-September",2023-09-19,"261.792",0.23964339,0.2000214,NA,2023,"September","2023-September","23-Sep"
"344",2023,"September",262,"19",2023-09-19 19:32:50,"O",2.087129,0.001388,"2023-September",2023-09-19,"261.792",0.23964339,0.2000214,NA,2023,"September","2023-September","23-Sep"
"345",2023,"September",262,"19",2023-09-19 19:35:10,"O",2.031159,0.004127,"2023-September",2023-09-19,"261.792",0.23964339,0.2000214,NA,2023,"September","2023-September","23-Sep"
"346",2023,"September",262,"20",2023-09-19 20:37:10,"O",-2.355351,-0.01142,"2023-September",2023-09-19,"261.833",0.2399206,0.1999585,NA,2023,"September","2023-September","23-Sep"
"347",2023,"September",262,"20",2023-09-19 20:39:35,"O",-12.916311,-0.001195,"2023-September",2023-09-19,"261.833",0.2399206,0.1999585,NA,2023,"September","2023-September","23-Sep"
"348",2023,"September",262,"20",2023-09-19 20:42:28,"O",2.330526,0.014419,"2023-September",2023-09-19,"261.833",0.2399206,0.1999585,NA,2023,"September","2023-September","23-Sep"
"349",2023,"September",262,"21",2023-09-19 21:15:45,"O",-7.237231,-0.04313,"2023-September",2023-09-19,"261.875",0.24026071,0.19997659,NA,2023,"September","2023-September","23-Sep"
"350",2023,"September",262,"21",2023-09-19 21:18:12,"O",0.913368,0.105395,"2023-September",2023-09-19,"261.875",0.24026071,0.19997659,NA,2023,"September","2023-September","23-Sep"
"351",2023,"September",262,"21",2023-09-19 21:20:45,"O",2.27927,0.003749,"2023-September",2023-09-19,"261.875",0.24026071,0.19997659,NA,2023,"September","2023-September","23-Sep"
"352",2023,"September",262,"22",2023-09-19 22:17:55,"O",-3.184277,-0.007129,"2023-September",2023-09-19,"261.917",0.2405697,0.1999869,NA,2023,"September","2023-September","23-Sep"
"353",2023,"September",262,"22",2023-09-19 22:20:30,"O",3.781657,0.05235,"2023-September",2023-09-19,"261.917",0.2405697,0.1999869,NA,2023,"September","2023-September","23-Sep"
"354",2023,"September",262,"22",2023-09-19 22:22:58,"O",1.99515,0.085343,"2023-September",2023-09-19,"261.917",0.2405697,0.1999869,NA,2023,"September","2023-September","23-Sep"
"355",2023,"October",297,"5",2023-10-24 05:23:15,"O",0.595842,0.031214,"2023-October",2023-10-24,"296.208",0.182557,0.1581437,NA,2023,"October","2023-October","23-Oct"
"356",2023,"October",297,"5",2023-10-24 05:25:45,"O",NA,0.177228,"2023-October",2023-10-24,"296.208",0.182557,0.1581437,NA,2023,"October","2023-October","23-Oct"
"357",2023,"October",297,"5",2023-10-24 05:28:00,"O",1.801711,0.213229,"2023-October",2023-10-24,"296.208",0.182557,0.1581437,NA,2023,"October","2023-October","23-Oct"
"358",2023,"October",297,"6",2023-10-24 06:32:40,"O",-1.352293,0.018381,"2023-October",2023-10-24,"296.250",0.1827089,0.1579946,NA,2023,"October","2023-October","23-Oct"
"359",2023,"October",297,"6",2023-10-24 06:35:05,"O",3.534248,0.072776,"2023-October",2023-10-24,"296.250",0.1827089,0.1579946,NA,2023,"October","2023-October","23-Oct"
"360",2023,"October",297,"6",2023-10-24 06:37:40,"O",-0.859053,0.022992,"2023-October",2023-10-24,"296.250",0.1827089,0.1579946,NA,2023,"October","2023-October","23-Oct"
"361",2023,"October",297,"7",2023-10-24 07:44:30,"O",0.475886,0.002624,"2023-October",2023-10-24,"296.292",0.18280169,0.1578173,NA,2023,"October","2023-October","23-Oct"
"362",2023,"October",297,"7",2023-10-24 07:46:55,"O",0.086874,0.153692,"2023-October",2023-10-24,"296.292",0.18280169,0.1578173,NA,2023,"October","2023-October","23-Oct"
"363",2023,"October",297,"7",2023-10-24 07:49:15,"O",0.392499,0.003172,"2023-October",2023-10-24,"296.292",0.18280169,0.1578173,NA,2023,"October","2023-October","23-Oct"
"364",2023,"October",297,"8",2023-10-24 08:49:00,"O",0.176142,0.006617,"2023-October",2023-10-24,"296.333",0.1829071,0.1576689,NA,2023,"October","2023-October","23-Oct"
"365",2023,"October",297,"8",2023-10-24 08:51:25,"O",0.348745,0.077621,"2023-October",2023-10-24,"296.333",0.1829071,0.1576689,NA,2023,"October","2023-October","23-Oct"
"366",2023,"October",297,"8",2023-10-24 08:53:00,"O",NA,0.131099,"2023-October",2023-10-24,"296.333",0.1829071,0.1576689,NA,2023,"October","2023-October","23-Oct"
"367",2023,"October",297,"9",2023-10-24 09:22:40,"O",-1.94684,0.000887,"2023-October",2023-10-24,"296.375",0.1830752,0.1576145,NA,2023,"October","2023-October","23-Oct"
"368",2023,"October",297,"9",2023-10-24 09:25:00,"O",0.187049,0.134927,"2023-October",2023-10-24,"296.375",0.1830752,0.1576145,NA,2023,"October","2023-October","23-Oct"
"369",2023,"October",297,"9",2023-10-24 09:27:25,"O",-0.093225,0.004672,"2023-October",2023-10-24,"296.375",0.1830752,0.1576145,NA,2023,"October","2023-October","23-Oct"
"370",2023,"October",297,"10",2023-10-24 10:37:05,"O",0.161152,-0.036943,"2023-October",2023-10-24,"296.417",0.1831314,0.15751129,NA,2023,"October","2023-October","23-Oct"
"371",2023,"October",297,"10",2023-10-24 10:39:30,"O",1.337493,0.048932,"2023-October",2023-10-24,"296.417",0.1831314,0.15751129,NA,2023,"October","2023-October","23-Oct"
"372",2023,"October",297,"10",2023-10-24 10:42:00,"O",0.565737,0.001463,"2023-October",2023-10-24,"296.417",0.1831314,0.15751129,NA,2023,"October","2023-October","23-Oct"
"373",2023,"October",297,"11",2023-10-24 11:32:00,"O",0.64005,0.000315,"2023-October",2023-10-24,"296.458",0.1831003,0.1573462,NA,2023,"October","2023-October","23-Oct"
"374",2023,"October",297,"11",2023-10-24 11:34:40,"O",1.104152,0.006541,"2023-October",2023-10-24,"296.458",0.1831003,0.1573462,NA,2023,"October","2023-October","23-Oct"
"375",2023,"October",297,"11",2023-10-24 11:37:15,"O",0.801736,0.015284,"2023-October",2023-10-24,"296.458",0.1831003,0.1573462,NA,2023,"October","2023-October","23-Oct"
"376",2023,"October",297,"12",2023-10-24 12:06:50,"O",3.348026,0.013434,"2023-October",2023-10-24,"296.500",0.1831499,0.1572514,NA,2023,"October","2023-October","23-Oct"
"377",2023,"October",297,"12",2023-10-24 12:09:10,"O",1.192991,0.0104,"2023-October",2023-10-24,"296.500",0.1831499,0.1572514,NA,2023,"October","2023-October","23-Oct"
"378",2023,"October",297,"12",2023-10-24 12:11:30,"O",-0.034766,0.080291,"2023-October",2023-10-24,"296.500",0.1831499,0.1572514,NA,2023,"October","2023-October","23-Oct"
"379",2023,"October",297,"13",2023-10-24 13:28:38,"O",0.820056,0.008548,"2023-October",2023-10-24,"296.542",0.1833255,0.1572559,NA,2023,"October","2023-October","23-Oct"
"380",2023,"October",297,"13",2023-10-24 13:30:55,"O",5.132623,0.156452,"2023-October",2023-10-24,"296.542",0.1833255,0.1572559,NA,2023,"October","2023-October","23-Oct"
"381",2023,"October",297,"13",2023-10-24 13:33:15,"O",2.645095,0.026368,"2023-October",2023-10-24,"296.542",0.1833255,0.1572559,NA,2023,"October","2023-October","23-Oct"
"382",2023,"October",297,"14",2023-10-24 14:35:00,"O",0.691812,-0.005261,"2023-October",2023-10-24,"296.583",0.1835195,0.1572661,NA,2023,"October","2023-October","23-Oct"
"383",2023,"October",297,"14",2023-10-24 14:37:45,"O",-1.819343,0.145048,"2023-October",2023-10-24,"296.583",0.1835195,0.1572661,NA,2023,"October","2023-October","23-Oct"
"384",2023,"October",297,"14",2023-10-24 14:40:15,"O",4.994998,0.008625,"2023-October",2023-10-24,"296.583",0.1835195,0.1572661,NA,2023,"October","2023-October","23-Oct"
"385",2023,"October",297,"15",2023-10-24 15:36:15,"O",6.604804,0.066797,"2023-October",2023-10-24,"296.625",0.1837278,0.1572828,NA,2023,"October","2023-October","23-Oct"
"386",2023,"October",297,"15",2023-10-24 15:38:55,"O",1.862651,0.175102,"2023-October",2023-10-24,"296.625",0.1837278,0.1572828,NA,2023,"October","2023-October","23-Oct"
"387",2023,"October",297,"15",2023-10-24 15:38:55,"O",NA,0.091374,"2023-October",2023-10-24,"296.625",0.1837278,0.1572828,NA,2023,"October","2023-October","23-Oct"
"388",2023,"October",297,"16",2023-10-24 16:34:00,"O",1.936862,0.007669,"2023-October",2023-10-24,"296.667",0.1841225,0.15742479,NA,2023,"October","2023-October","23-Oct"
"389",2023,"October",297,"16",2023-10-24 16:36:20,"O",1.813456,0.194325,"2023-October",2023-10-24,"296.667",0.1841225,0.15742479,NA,2023,"October","2023-October","23-Oct"
"390",2023,"October",297,"16",2023-10-24 16:38:50,"O",11.06109,0.057507,"2023-October",2023-10-24,"296.667",0.1841225,0.15742479,NA,2023,"October","2023-October","23-Oct"
"391",2023,"October",297,"17",2023-10-24 17:33:55,"O",-5.291326,0.00849,"2023-October",2023-10-24,"296.708",0.18462519,0.1576144,NA,2023,"October","2023-October","23-Oct"
"392",2023,"October",297,"17",2023-10-24 17:36:20,"O",2.260809,0.085814,"2023-October",2023-10-24,"296.708",0.18462519,0.1576144,NA,2023,"October","2023-October","23-Oct"
"393",2023,"October",297,"17",2023-10-24 17:38:47,"O",3.479908,0.208588,"2023-October",2023-10-24,"296.708",0.18462519,0.1576144,NA,2023,"October","2023-October","23-Oct"
"394",2023,"October",297,"18",2023-10-24 18:30:23,"O",2.212642,0.048477,"2023-October",2023-10-24,"296.750",0.1851383,0.15777349,NA,2023,"October","2023-October","23-Oct"
"395",2023,"October",297,"18",2023-10-24 18:32:46,"O",1.34219,0.008456,"2023-October",2023-10-24,"296.750",0.1851383,0.15777349,NA,2023,"October","2023-October","23-Oct"
"396",2023,"October",297,"18",2023-10-24 18:35:33,"O",1.547788,-0.032822,"2023-October",2023-10-24,"296.750",0.1851383,0.15777349,NA,2023,"October","2023-October","23-Oct"
"397",2023,"October",297,"19",2023-10-24 19:21:28,"O",17.161607,0.013852,"2023-October",2023-10-24,"296.792",0.1857051,0.1579773,NA,2023,"October","2023-October","23-Oct"
"398",2023,"October",297,"19",2023-10-24 19:23:41,"O",1.087188,0.022775,"2023-October",2023-10-24,"296.792",0.1857051,0.1579773,NA,2023,"October","2023-October","23-Oct"
"399",2023,"October",297,"19",2023-10-24 19:26:05,"O",4.315693,0.023862,"2023-October",2023-10-24,"296.792",0.1857051,0.1579773,NA,2023,"October","2023-October","23-Oct"
"400",2023,"October",297,"20",2023-10-24 20:29:55,"O",0.579794,-0.000251,"2023-October",2023-10-24,"296.833",0.1863752,0.1582524,NA,2023,"October","2023-October","23-Oct"
"401",2023,"October",297,"20",2023-10-24 20:32:30,"O",1.653054,0.008883,"2023-October",2023-10-24,"296.833",0.1863752,0.1582524,NA,2023,"October","2023-October","23-Oct"
"402",2023,"October",297,"20",2023-10-24 20:34:47,"O",2.2613,0.049206,"2023-October",2023-10-24,"296.833",0.1863752,0.1582524,NA,2023,"October","2023-October","23-Oct"
"403",2023,"October",297,"21",2023-10-24 21:46:33,"O",0.039532,0.037969,"2023-October",2023-10-24,"296.875",0.1870617,0.15856279,NA,2023,"October","2023-October","23-Oct"
"404",2023,"October",297,"21",2023-10-24 21:48:55,"O",1.574167,-0.001647,"2023-October",2023-10-24,"296.875",0.1870617,0.15856279,NA,2023,"October","2023-October","23-Oct"
"405",2023,"October",297,"21",2023-10-24 21:50:45,"O",0.871182,0.041065,"2023-October",2023-10-24,"296.875",0.1870617,0.15856279,NA,2023,"October","2023-October","23-Oct"
"406",2023,"October",297,"22",2023-10-24 22:13:40,"O",2.060179,-0.004732,"2023-October",2023-10-24,"296.917",0.1877501,0.158886,NA,2023,"October","2023-October","23-Oct"
"407",2023,"October",297,"22",2023-10-24 22:15:58,"O",NA,0.007909,"2023-October",2023-10-24,"296.917",0.1877501,0.158886,NA,2023,"October","2023-October","23-Oct"
"408",2023,"October",297,"22",2023-10-24 22:18:22,"O",0.631565,0.015653,"2023-October",2023-10-24,"296.917",0.1877501,0.158886,NA,2023,"October","2023-October","23-Oct"
